career,interest,skill
Data Scientist,"Science, Logic","Mathematics, Coding, Python"
Software Engineer,"Technology, Building","Coding, Problem Solving"
AI Researcher,"AI, Research","Machine Learning, Mathematics"
Cybersecurity Analyst,"Security, Technology","Networking, Scripting"
Web Developer,"Design, Technology","HTML, CSS, JavaScript"
Cloud Architect,"Infrastructure, Tech","AWS, Azure, Networking"
Game Developer,"Gaming, Creativity","C++, Unity, Design"
UX/UI Designer,"Art, Psychology","Design Tools, Empathy"
Blockchain Developer,"Crypto, Finance","Solidity, Cryptography"
Robotics Engineer,"Machines, Hardware","C++, Mechanics, Electronics"
DevOps Engineer,"Infrastructure, Automation","CI/CD, Docker, Kubernetes"
Full Stack Developer,"Web, Logic","Frontend, Backend, Database"
Mobile App Developer,"Apps, Coding","Flutter, React Native, Swift"
QA Engineer,"Testing, Quality","Automation, Detail-oriented"
Database Administrator,"Data, Organization","SQL, Database Design"
System Administrator,"IT, Maintenance","Linux, Networking"
Network Engineer,"Connectivity, Tech","Cisco, Routing, Switching"
Site Reliability Engineer,"Uptime, Reliability","Monitoring, Scripting"
Embedded Systems Engineer,"Hardware, Coding","C, Microcontrollers"
VR/AR Developer,"Immersive Tech, Design","Unity, 3D Modeling"
Doctor (Physician),"Helping People, Health","Biology, Empathy"
Nurse,"Care, Health","Patient Care, Biology"
Agricultural Scientist,"Nature, Farming","Biology, Chemistry"
Biomedical Engineer,"Health, Engineering","Biology, Mechanics"
Environmental Scientist,"Nature, Climate","Research, Ecology"
Pharmacist,"Chemistry, Health","Chemistry, Attention to Detail"
Psychologist,"Mind, People","Listening, Analysis"
Veterinarian,"Animals, Medicine","Animal Care, Biology"
Astronomer,"Space, Physics","Math, Physics, Research"
Surgeon,"Health, Precision","Dexterity, Anatomy"
Dentist,"Teeth, Health","Dexterity, Patient Care"
Physical Therapist,"Rehab, Health","Anatomy, Exercise"
Occupational Therapist,"Rehab, Daily Living","Patience, Problem Solving"
Speech Pathologist,"Communication, Health","Linguistics, Patience"
Radiologist,"Imaging, Diagnosis","Technology, Anatomy"
Cardiologist,"Heart, Health","Specialized Medicine"
Neurologist,"Brain, Health","Neuroscience, Diagnosis"
Dermatologist,"Skin, Health","Diagnosis, Procedures"
Pediatrician,"Children, Health","Patience, Child Care"
Psychiatrist,"Mental Health, Medicine","Therapy, Medication"
Journalist,"Storytelling, News","Writing, Research"
Author,"Stories, Books","Creative Writing"
Graphic Designer,"Art, Visuals","Photoshop, Creativity"
Musician,"Music, Performance","Instruments, Composition"
Digital Marketer,"Social Media, Trends","SEO, Content Creation"
Film Director,"Movies, Storytelling","Leadership, Vision"
Fashion Designer,"Style, Clothes","Sewing, Sketching"
Translator,"Languages, Culture","Fluency, Writing"
Content Creator,"Social Media, Video","Editing, Charisma"
Copywriter,"Marketing, Writing","Persuasion, Creativity"
Editor,"Books, Text","Grammar, Detail-oriented"
Public Relations Specialist,"Image, Media","Communication, Strategy"
Social Media Manager,"Online, Community","Trends, Engagement"
Art Director,"Visuals, Leadership","Vision, Management"
Animator,"Moving Images, Art","Drawing, Software"
Video Editor,"Film, Post-production","Timing, Storytelling"
Sound Designer,"Audio, Mood","Technical Ear, Creativity"
Photographer,"Images, Art","Camera, Lighting"
Interior Designer,"Spaces, Aesthetics","Planning, Color Theory"
Architect,"Buildings, Design","Math, Creativity"
Accountant,"Money, Numbers","Math, Excel"
Economist,"Markets, Society","Analysis, Math"
Investment Banker,"Finance, Money","Financial Modeling, Analysis"
Human Resources Manager,"People, Management","Communication, Organization"
Product Manager,"Strategy, Tech","Leadership, Planning"
Entrepreneur,"Business, Innovation","Risk Taking, Management"
Real Estate Agent,"Property, Sales","Negotiation, Communication"
Financial Analyst,"Stocks, Data","Research, Modeling"
Management Consultant,"Business, Problem Solving","Strategy, Analysis"
Marketing Manager,"Brand, Sales","Strategy, Analytics"
Sales Engineer,"Tech, Sales","Technical Knowledge, Persuasion"
Supply Chain Manager,"Logistics, Operations","Planning, Efficiency"
Project Manager,"Organization, Leadership","Planning, Communication"
Business Analyst,"Requirements, improved","Analysis, Documentation"
Actuary,"Risk, Math","Statistics, Insurance"
Corporate Lawyer,"Law, Business","Negotiation, Contracts"
Event Planner,"Events, Organization","Coordination, Budgeting"
Electrician,"Fixing things, Tech","Wiring, Safety"
Carpenter,"Wood, Building","Woodworking, Math"
Chef,"Food, Cooking","Culinary Arts, Creativity"
Pilot,"Flying, Travel","Navigation, Focus"
Police Officer,"Justice, Safety","Fitness, Law"
Mechanic,"Cars, Repair","Diagnostics, Tools"
Plumber,"Pipes, Water","Repair, Problem Solving"
Welder,"Metal, Construction","Precision, Safety"
HVAC Technician,"Heating, Cooling","Repair, Installation"
Machinist,"Metal, Parts","Precision, Machinery"
Construction Manager,"Building, Leadership","Planning, Safety"
Civil Engineer,"Infrastructure, Design","Math, Project Management"
Surveyor,"Land, Measurement","Math, Field Work"
Landscape Architect,"Outdoor Spaces, Design","Botany, Planning"
Flight Attendant,"Travel, Service","Safety, Customer Service"
Air Traffic Controller,"Aviation, Safety","Focus, Communication"
Ship Captain,"Sea, Transport","Navigation, Leadership"
Teacher,"Helping Kids, Learning","Communication, Patience"
Professor,"Research, Academia","Teaching, Expertise"
Education Counselor,"Guidance, Students","Listening, Planning"
School Principal,"Education, Leadership","Management, Vision"
Librarian,"Books, Information","Organization, Research"
Special Education Teacher,"Helping, Inclusion","Patience, Adaptability"
Corporate Trainer,"Workforce, Skills","Presentation, Teaching"
Instructional Designer,"Curriculum, Tech","Learning Theory, Design"
Tutor,"Learning, Support","Patience, Subject Knowledge"
Researcher,"Discovery, Knowledge","Methodology, Writing"
Lawyer,"Justice, Argument","Logic, Speaking"
Judge,"Justice, Law","Impartiality, decision making"
Paralegal,"Law, Support","Research, Documentation"
Politician,"Public Service, Policy","Leadership, Speaking"
Diplomat,"International Relations, Peace","Negotiation, Languages"
Urban Planner,"Cities, Design","Geography, Policy"
Social Worker,"Helping, Society","Empathy, Case Management"
Non-Profit Manager,"Impact, Charity","Fundraising, Management"
Community Organizer,"Change, People","Mobilization, Communication"
Policy Analyst,"Government, Data","Research, Evaluation"
Biotechnologist,"Biology, Innovation","Lab Skills, Research"
Nanotechnologist,"Micro, Science","Physics, Chemistry"
Geneticist,"DNA, Life","Biology, Data Analysis"
Meteorologist,"Weather, Atmosphere","Physics, Data Analysis"
Geologist,"Earth, Rocks","Field Work, Observation"
Oceanographer,"Oceans, Marine","Swimming, Research"
Zoologist,"Animals, Biology","Observation, Field Work"
Botanist,"Plants, Nature","Gardening, Research"
Ecologist,"Ecosystems, Nature","Field Work, Analysis"
Forensic Scientist,"Crime, Evidence","Lab Skills, Detail"
Marine Biologist,"Sea Life, Science","Diving, Research"
Renewable Energy Engineer,"Green Tech, Power","Engineering, Innovation"
Solar Energy Technician,"Solar, Installation","Electrical, Safety"
Wind Turbine Technician,"Wind, Heights","Mechanics, Safety"
Sustainability Consultant,"Green, Business","Analysis, Strategy"
Environmental Lawyer,"Nature, Law","Litigation, Research"
Conservationist,"Wildlife, Nature","Field Work, Advocacy"
Urban Farmer,"Agriculture, City","Farming, Innovation"
Hydrologist,"Water, Science","Field Work, Modeling"
Climate Change Analyst,"Climate, Data","Research, Policy"
Recycling Coordinator,"Waste, Environment","Logistics, Education"
Sportscaster,"Sports, Media","Speaking, Knowledge"
Sports Agent,"Sports, Business","Negotiation, Contracts"
Coach,"Sports, Team","Strategy, Leadership"
Referee,"Sports, Rules","Fairness, Vision"
Professional Athlete,"Competition, Fitness","Discipline, Talent"
Personal Trainer,"Fitness, Health","Motivation, Anatomy"
Sports Psychologist,"Mind, Performance","Psychology, Sports"
Athletic Trainer,"Injury, Rehab","Health, Sports"
Sports Data Analyst,"Stats, Strategy","Mathematics, Coding"
Esports Player,"Gaming, Competition","Reflexes, Strategy"
Game Streamer,"Gaming, Entertainment","Charisma, Content"
Game Tester,"Gaming, Quality","Detail, Patience"
Character Designer,"Art, Games","Creativity, Anatomy"
Level Designer,"Games, Flow","Logic, Design"
Game Producer,"Games, Management","Organization, Leadership"
Game Sound Engineer,"Audio, Games","Mixing, Sound Design"
Narrative Designer,"Story, Games","Writing, Logic"
Community Manager,"Games, People","Communication, Social Media"
Aerospace Engineer,"Planes, Space","Physics, Math"
Aviation Safety Inspector,"Safety, Planes","Regulation, Inspection"
Aircraft Mechanic,"Repair, Planes","Tools, Diagnostics"
Helicopter Pilot,"Flying, Hovering","Coordination, Focus"
Drone Pilot,"Flying, Tech","Control, Photography"
Airport Manager,"Logistics, Travel","Management, Operations"
Travel Agent,"Trips, Planning","Geography, Service"
Tour Guide,"History, Travel","Speaking, Storytelling"
Hotel Manager,"Hospitality, Service","Management, Operations"
Event Coordinator,"Events, Logistics","Planning, Organization"
Chef de Cuisine,"Food, Leadership","Culinary Mastery, Management"
Sommelier,"Wine, Taste","Palate, Knowledge"
Baker,"Bread, Pastry","Precision, Baking"
Food Critic,"Food, Writing","Taste, Writing"
Food Scientist,"Food, Chemistry","Lab Skills, Innovation"
Dietitian,"Food, Health","Nutrition, Counseling"
Restaurant Owner,"Business, Food","Management, Finance"
Caterer,"Food, Events","Cooking, Logistics"
Forensic Accountant,"Money, Crime","Auditing, Law"
Investment Analyst,"Stocks, Markets","Research, Valuation"
Stockbroker,"Trading, Sales","Markets, Communication"
Insurance Agent,"Risk, Sales","Persuasion, Policy Knowledge"
Bank Teller,"Money, Service","Customer Service, Math"
Loan Officer,"Money, Lending","Risk Assessment, Finance"
Tax Advisor,"Money, Law","Tax Law, Math"
Chief Financial Officer,"Money, Strategy","Leadership, Finance"
Venture Capitalist,"Startups, Investment","Evaluation, Risk"
Cryptocurrency Trader,"Digital Assets, Markets","Analysis, Tech"
Makeup Artist,"Beauty, Art","Creativity, Application"
Hair Stylist,"Hair, Style","Cutting, Coloring"
Fashion Stylist,"Clothes, Image","Trends, Coordination"
Model,"Fashion, Image","Posing, Discipline"
Costume Designer,"Film, Fabric","Sewing, History"
Textile Designer,"Fabric, Patterns","Drawing, Color Theory"
Jewelry Designer,"Metal, Art","Craftsmanship, Design"
Perfumer,"Scent, Chemistry","Smell, Chemistry"
Esthetician,"Skin, Beauty","Skincare, Application"
Nail Technician,"Nails, Art","Precision, Creativity"
Philosopher,"Thinking, Ideas","Logic, Writing"
Historian,"Past, Research","Reading, Writing"
Archaeologist,"Digging, History","Field Work, Analysis"
Anthropologist,"Culture, Humans","Research, Field Work"
Sociologist,"Society, Trends","Analysis, Research"
Political Scientist,"Politics, Data","Research, Theory"
Geographer,"Places, Maps","GIS, Analysis"
Linguist,"Language, Structure","Analysis, Languages"
Curator,"Museums, Art","Organization, History"
Archivist,"Records, History","Organization, Preservation"
Stand-up Comedian,"Humor, Stage","Writing, Timing"
Actor,"Drama, Screen","Empathy, Memorization"
Magician,"Illusion, Stage","Sleight of Hand, Performance"
Circus Artist,"Performance, Skill","Agility, Strength"
Stunt Performer,"Action, Danger","Fitness, Courage"
Voice Actor,"Voice, Characters","Acting, Vocal Control"
Radio Host,"Audio, Talk","Speaking, Interviewing"
DJ,"Music, Live","Mixing, Rhythm"
Music Producer,"Songs, Recording","Tech, Creativity"
Sound Engineer,"Audio, Tech","Mixing, Ear"
Robotics Technician,"Robots, Maintenance","Repair, Electronics"
CNC Machinist,"Manufacturing, Tech","Programming, Precision"
Industrial Designer,"Products, Form","Design, Engineering"
Manufacturing Engineer,"Production, Process","Efficiency, Engineering"
Quality Control Inspector,"Products, Standards","Detail, Measurement"
Supply Chain Analyst,"Logistics, Data","Analysis, Excel"
Logistics Manager,"Transport, Storage","Planning, Coordination"
Warehouse Manager,"Inventory, Staff","Organization, Safety"
Procurement Specialist,"Buying, Business","Negotiation, Sourcing"
Operations Manager,"Business, Flow","Efficiency, Leadership"
Data Analyst,"Data, Insights","SQL, Excel, Viz"
Business Intelligence Analyst,"Data, Business","PowerBI, Strategy"
Machine Learning Engineer,"AI, Models","Python, Math"
Big Data Engineer,"Data, Pipelines","Hadoop, Spark"
Statistician,"Numbers, Probability","Math, R/SAS"
Quantitative Analyst,"Finance, Math","Modeling, Coding"
Operations Research Analyst,"Efficiency, Math","Optimization, Modeling"
Market Research Analyst,"Markets, Surveys","Analysis, Trends"
User Researcher,"Users, Feedback","Interviews, Empathy"
Bioinformatician,"Biology, Code","Genetics, Scripting"
Customs Officer,"Borders, Law","Inspection, Law"
Immigration Officer,"Travel, Law","Interviewing, Policy"
Intelligence Officer,"Security, Data","Analysis, Secrecy"
Detective,"Crime, Mystery","Investigation, Logic"
Private Investigator,"Information, Secrets","Research, Surveillance"
Correctional Officer,"Prisons, Safety","Discipline, Awareness"
Security Guard,"Safety, Watch","Observation, Fitness"
Bodyguard,"Protection, Safety","Defense, Awareness"
Emergency Dispatcher,"Crisis, Communication","Calmness, Multitasking"
Fire Investigator,"Fire, Cause","Forensics, Analysis"
Ethical Hacker,"Security, Tech","Hacking, Logic"
Penetration Tester,"Security, Attacks","Exploits, Reporting"
Security Consultant,"Safety, Strategy","Assessment, Advice"
Cryptographer,"Codes, Math","Math, Logic"
Forensic Computer Analyst,"Tech, Crime","Investigation, Recovery"
Incident Responder,"Hacks, Response","Speed, Analysis"
Security Architect,"Systems, Defense","Design, Networking"
Compliance Officer,"Rules, Business","Law, Auditing"
Risk Manager,"Danger, Business","Assessment, Strategy"
Fraud Analyst,"Scams, Money","Pattern Recognition, Data"
Flight Instructor,"Flying, Teaching","Patience, Piloting"
Driving Instructor,"Driving, Teaching","Patience, Safety"
Ski Instructor,"Skiing, Teaching","Skill, Patience"
Yoga Teacher,"Yoga, Health","Flexibility, Guidance"
Dance Teacher,"Dance, Movement","Rhythm, Instruction"
Music Teacher,"Music, Instruments","Patience, Ear"
Art Teacher,"Art, Creativity","Encouragement, Skill"
Language Teacher,"Languages, Speech","Fluency, Grammar"
Vocational Teacher,"Trades, Skills","Experience, Teaching"
ESL Teacher,"English, communication","Patience, Grammar"
University Registrar,"Records, Admin","Organization, Policy"
Admissions Officer,"Students, Selection","Evaluation, Interviewing"
Student Affairs Officer,"Support, Campus","Empathy, Planning"
Academic Advisor,"Courses, Plans","Knowledge, Guidance"
Financial Aid Officer,"Money, Support","Math, Regulations"
Campus Security,"Safety, Campus"," vigilance, Communication"
Syllabus Designer,"Curriculum, Education","Planning, Content"
Education Policy Analyst,"Schools, Laws","Research, Strategy"
Textbook Editor,"Books, Education","Editing, Accuracy"
Educational Technologist,"Tech, Learning","Software, Design"
Lumberjack,"Trees, Wood","Strength, Safety"
Fisherman,"Fish, Sea","Patience, Strength"
Miner,"Earth, Resources","Strength, Safety"
Oil Rig Worker,"Oil, Sea","Strength, Danger"
Dairy Farmer,"Cows, Milk","Animal Care, Machinery"
Rancher,"Cattle, Land","Riding, Management"
Beekeeper,"Bees, Honey","Patience, Nature"
Horticulturist,"Gardens, Science","Botany, Design"
Florist,"Flowers, Art","Creativity, Arrangement"
Landscaper,"Yards, Plants","Hard Work, Design"
Garbage Collector,"Waste, City","Strength, Driving"
Postal Worker,"Mail, Delivery","Reliability, Sorting"
Courier,"Packages, Delivery","Driving, Time Management"
Taxi Driver,"Transport, City","Driving, Knowledge"
Bus Driver,"Transport, People","Driving, Safety"
Train Conductor,"Trains, Passengers","Service, Schedule"
Subway Operator,"Trains, City","Focus, Safety"
Truck Dispatcher,"Logistics, Coordination","Communication, Planning"
Mover,"Furniture, Homes","Strength, Packing"
Cleaner,"Buildings, Hygiene","Detail, Hard Work"
Window Cleaner,"Windows, Heights","Balance, Cleaning"
Chimney Sweep,"Chimneys, Soot","Climbing, Cleaning"
Pest Control Technician,"Pests, Safety","Chemicals, Problem Solving"
Locksmith,"Locks, Keys","Dexterity, Problem Solving"
Shoemaker,"Shoes, Leather","Craftsmanship, Repair"
Tailor,"Clothes, Fit","Sewing, Measurement"
Upholsterer,"Furniture, Fabric","Sewing, Craftsmanship"
Glassblower,"Glass, Art","Heat, Breath Control"
Potter,"Clay, Art","Hands, Creativity"
Blacksmith,"Metal, Fire","Strength, Heat"
Jeweler,"Gold, Gems","Precision, Art"
Watchmaker,"Time, Gears","Precision, Patience"
Bookbinder,"Books, Paper","Craftsmanship, Detail"
Luther,"Instruments, Wood","Woodworking, Acoustics"
Taxidermist,"Animals, Preservation","Anatomy, Craft"
Funeral Director,"Funerals, Grief","Empathy, Organization"
Embalmer,"Bodies, Preservation","Science, Respect"
Cemetery Manager,"Grounds, Records","Management, Respect"
Coroner,"Death, Cause","Medical Knowledge, Law"
Crime Scene Cleaner,"Trauma, Cleaning","Stomach, Chemistry"
Bailiff,"Court, Safety","Order, Law"
Court Reporter,"Typing, Court","Speed, Accuracy"
Stenographer,"Typing, Speech","Speed, Listening"
Mediator,"Conflict, Resolution","Listening, Neutrality"
Arbitrator,"Disputes, Decisions","Law, Fairness"
Jury Consultant,"Jury, Strategy","Psychology, Law"
Patent Attorney,"Inventions, Law","Science, Law"
Family Lawyer,"Divorce, Custody","Empathy, Negotiation"
Real Estate Lawyer,"Property, Law","Contracts, Detail"
Criminal Defense Lawyer,"Crime, Defense","Argument, Investigation"
Prosecutor,"Crime, State","Evidence, Argument"
Human Rights Lawyer,"Rights, Justice","Advocacy, Law"
Immigration Lawyer,"Borders, Visas","Policy, Empathy"
Judge Advocate,"Military, Law","Military Law, Justice"
Notary Public,"Documents, Verified","Trust, Detail"
Lobbyist,"Policy, Influence","Persuasion, Connections"
Campaign Manager,"Elections, Strategy","Leadership, Organization"
Political Consultant,"Image, Strategy","Media, Politics"
Pollster,"Opinion, Data","Statistics, Analysis"
Speechwriter,"Words, Impact","Writing, Rhetoric"
Press Secretary,"Media, News","Speaking, Spin"
Chief of Staff,"Leadership, Ops","Management, Strategy"
City Manager,"City, Ops","Management, Policy"
Governor,"State, Leadership","Vision, Management"
Senator,"Laws, State","Debate, Policy"
Congressperson,"Laws, District","Representation, Negotiation"
President,"Country, Leadership","Vision, Diplomacy"
Prime Minister,"Government, Leadership","Strategy, Policy"
Monarch,"Country, Tradition","Ceremony, Diplomacy"
Ambassador,"Country, Relations","Diplomacy, Culture"
Consul,"Citizens, Support","Law, Service"
Attache,"Specialty, Embassy","Expertise, Diplomacy"
Spy,"Secrets, Intel","Deception, Observation"
Missionary,"Religion, Service","Faith, Empathy"
Priest,"Church, Service","Faith, Counseling"
Rabbi,"Synagogue, Teaching","Torah, Counseling"
Imam,"Mosque, Prayer","Quran, Leadership"
Pastor,"Church, Community","Bible, Speaking"
Monk,"Monastery, Prayer","Discipline, Meditation"
Nun,"Convent, Service","Faith, Charity"
Shaman,"Spirits, Healing","Tradition, Ritual"
Guru,"Wisdom, Teaching","Insight, Guidance"
Yogi,"Yoga, Spirit","Flexibility, Peace"
Life Coach,"Goals, Support","Motivation, Listening"
Career Counselor,"Jobs, Guidance","Listening, Planning"
Marriage Counselor,"Relationships, Healing","Empathy, Mediation"
Addiction Counselor,"Recovery, Support","Patience, Empathy"
Genetic Counselor,"DNA, Risk","Genetics, Empathy"
Financial Counselor,"Debt, Budget","Money, Planning"
School Counselor,"Students, Support","Empathy, Education"
Rehabilitation Counselor,"Disability, Work","Advocacy, Support"
Mental Health Counselor,"Mind, Healing","Therapy, Listening"
Grief Counselor,"Loss, Support","Empathy, Patience"
Crisis Counselor,"Trauma, Support","Calmness, Empathy"
Suicide Prevention Counselor,"Hope, Safety","Listening, Empathy"
Veterans Counselor,"Soldiers, Reintegration","Empathy, Understanding"
Prison Counselor,"Inmates, Rehab","Safety, Empathy"
Art Therapist,"Art, Healing","Creativity, Psychology"
Music Therapist,"Music, Healing","Music, Psychology"
Dance Therapist,"Movement, Healing","Dance, Psychology"
Drama Therapist,"Acting, Healing","Acting, Psychology"
Horticultural Therapist,"Plants, Healing","Gardening, Psychology"
Pet Therapist,"Animals, Healing","Animals, Empathy"
Play Therapist,"Play, Children","Play, Psychology"
Occupational Health Specialist,"Work, Safety","Health, Regulations"
Industrial Hygienist,"Workplace, Health","Science, Safety"
Ergonomist,"Comfort, Design","Anatomy, Design"
Safety Engineer,"Systems, Safety","Engineering, Standards"
Fire Inspector,"Buildings, Fire","Code, Inspection"
Health Inspector,"Food, Hygiene","Code, Observation"
Building Inspector,"Construction, Code","Construction, Law"
Zoning Inspector,"Land, Use","Maps, Law"
Environmental Inspector,"Nature, Pollution","Science, Law"
Agricultural Inspector,"Farms, Food","Biology, Law"
Customs Inspector,"Goods, Borders","Observation, Law"
Postal Inspector,"Mail, Crime","Investigation, Law"
Consumer Safety Inspector,"Products, Harm","Testing, Law"
Aviation Safety Inspector,"Planes, Risk","Mechanics, Law"
Railroad Inspector,"Trains, Tracks","Engineering, Safety"
Mine Inspector,"Mines, Safety","Engineering, Geology"
Nuclear Inspector,"Reactors, Safety","Physics, Engineering"
Elevator Inspector,"Lifts, Safety","Mechanics, Code"
Amusement Ride Inspector,"Rides, Safety","Mechanics, Physics"
Bridge Inspector,"Bridges, Structure","Engineering, Safety"
Road Inspector,"Roads, Pavement","Engineering, Materials"
Dam Inspector,"Dams, Water","Engineering, Hydrology"
Pipeline Inspector,"Pipes, Leaks","Engineering, Detection"
Welding Inspector,"Welds, Strength","Metallurgy, Visuals"
Coating Inspector,"Paint, Corrosion","Chemistry, Visuals"
Nondestructive Testing Specialist,"Materials, Flaws","Tech, Analysis"
Quality Assurance Manager,"Quality, Systems","Standards, Leadership"
ISO Consultant,"Standards, Certification","Policy, Auditing"
Six Sigma Black Belt,"Process, Improvement","Statistics, Strategy"
Lean Manufacturing Consultant,"Efficiency, Waste","Process, Observation"
Agile Coach,"Process, Teams","Scrum, Communication"
Scrum Master,"Teams, Sprints","Organization, Facilitation"
Product Owner,"Value, Priorities","Vision, Communication"
Business Development Manager,"Growth, Partnerships","Sales, Strategy"
Account Manager,"Clients, Relationships","Communication, Service"
Customer Success Manager,"Retention, Value","Empathy, Problem Solving"
Technical Account Manager,"Tech, Clients","Tech, Communication"
Sales Director,"Revenue, Teams","Leadership, Strategy"
Chief Revenue Officer,"Income, Growth","Strategy, Finance"
Chief Marketing Officer,"Brand, Growth","Strategy, Creativity"
Chief Technology Officer,"Tech, Strategy","Engineering, Vision"
Chief Operating Officer,"Ops, Efficiency","Management, Execution"
Chief Executive Officer,"Vision, Company","Leadership, Strategy"
Board Member,"Governance, Strategy","Experience, Judgment"
Investor,"Capital, Returns","Analysis, Risk"
Philanthropist,"Giving, Impact","Vision, Generosity"
Futurist,"Trends, Tomorrow","Research, Imagination"
Inventor,"New, Ideas","Creativity, Engineering"
Innovator,"Change, Value","Creativity, Execution"
Visionary,"Future, Goals","Imagination, Leadership"
Leader,"People, Direction","Influence, Integrity"
Mentor,"Guidance, Growth","Experience, Wisdom"
Teacher,"Learning, Growth","Patience, Knowledge"
Student,"Learning, Growth","Curiosity, Discipline"
Apprentice,"Learning, Trade","Observation, Practice"
Intern,"Learning, Work","Effort, Curiosity"
Volunteer,"Helping, Cause","Heart, Time"
Citizen,"Community, Rights","Responsibility, Participation"
Human,"Life, Earth","Being, Feeling"
